author,date,text
nrlhkmhhhh,2019-11-13 09:40:51,"RT @DiniPutriReborn: 2
Kedua, lanjutkan pembangunan infrastruktur. 
LRT terlaksana di era Pakde, 782km jalan tol, 18 tol laut, 10 bandara,â€¦"
thisisaidil,2019-11-13 09:40:52,RT @AliaImanHMS: Sebab tu jangan tgok porn. They only perfect versions of things. I feel bad for those who trust porn. https://t.co/uPzfr6gâ€¦
aidaazleta,2019-11-13 09:40:52,"RT @AchuNadia: Dulu, 

Bila dapat keputusan cemerlang untuk ujian penggal, harap mak belikan kfc je.

Tapi sebab kfc mahal, mak belikan ayaâ€¦"
Aden_GD,2019-11-13 09:40:52,"RT @DiniPutriReborn: 2
Kedua, lanjutkan pembangunan infrastruktur. 
LRT terlaksana di era Pakde, 782km jalan tol, 18 tol laut, 10 bandara,â€¦"
saveme_gng,2019-11-13 09:40:52,"RT @704_winter: [RT=â¤]

ğŸŒ¸ìƒ‰ì„œ ì»¤ë¯¸ì…˜ğŸŒ¸
ê°€ê²© ë° íƒ€ì…ì€ ì•„ë˜ íƒ€ë˜ ì°¸ê³ 

âœ”ë¦¬íŠ¸ìœ— 100ë‹¹ ì¶”ì²¨í•˜ì—¬ í‰ìƒíƒ€ì… ê·¸ë ¤ë“œë¦½ë‹ˆë‹¤ uu* https://t.co/tyFeTKns4C"
fakboycoy,2019-11-13 09:40:52,#Pilkada2020 #PemilihanLangsung tapi tetap Pemerintah akan mengevaluasi teknis penyelenggaraan Pilkada  https://t.co/JXZtBsPX7N
Amris91866893,2019-11-13 09:40:52,RT @mas__piyuuu: Puluhan Ribu Masyarakat Prancis Turun Jalan Menentang Islamophobia https://t.co/xHEwfgPR14 https://t.co/KZyENHyrkL
AinaNurina_,2019-11-13 09:40:53,RT @AliaImanHMS: Sebab tu jangan tgok porn. They only perfect versions of things. I feel bad for those who trust porn. https://t.co/uPzfr6gâ€¦
rudyp778,2019-11-13 09:40:53,"RT @pasektohpati: Maaf Pk Menteri @Kemenag_RI buktikanlah jk bpk adl menteri agama yg bukan dari 1 agama yg diakui di Negeri ini.

Sejak kaâ€¦"
firstmomable,2019-11-13 09:40:53,"RT @DanRather: To my fellow members of the press, I suggest we refrain from quoting the presidenâ€™ts words from prepared speeches into headlâ€¦"
Ib_Mufti,2019-11-13 09:40:53,"Lamun rek ngabanding bandingkeun pertumbuhan ekonomi.

Porosotkeun kolor jegang di tengah jalan.

Itung weh hiji hiji sp yg paling jabirik."
iStephJones,2019-11-13 09:40:53,"RT @Mun4fikunn: Setengah mampus banting tulang buat keluarga,  tiap bulan dipotong pajak cm buat biayai penggangguran.?? 

Segala beban negâ€¦"
Ai_Nur10,2019-11-13 09:40:53,"RT @Takviri: Ahok paling cocok ditempatkan di BUMN yg 

1. Paling banyak permainan mafia
2. Paling banyak koruptor
3. Birokrasi paling berbâ€¦"
auliarahmavy,2019-11-13 09:40:53,Kok ngakak sama komenannya ya ğŸ˜…
tinbos,2019-11-13 09:40:53,"https://t.co/GdSxHKYa6E

""Publik yang percaya Presiden kerja kepentingan rakyat sebesar 81,5%. September 2019 75,2%â€¦ https://t.co/kmbN4MGiwZ"
muhd_rehan_,2019-11-13 09:40:54,"RT @asoshiation: Menjelang 2020, saya rasa tiba masanya masyarakat negara kita mula meraikan kebolehan akademik dan kemahiran hidup anak-anâ€¦"
Asesoria_py,2019-11-13 09:40:55,"RT @laembajada: Sabias que...#undiacomohoy en el aÃ±o 1878, el Presidente Rutherford B. Hayes suscribiÃ³ el famoso laudo que lleva su nombre,â€¦"
ElshintaDotcom,2019-11-13 09:40:55,"Pascakejadian ledakan bom bunuh diri yang terjadi di Mapolretabes Medan, Sumatera Utara, jajaran Polres Serang Kotaâ€¦ https://t.co/FrdWi2Svi6"
The_Endie,2019-11-13 09:40:55,Contoh orang Islam yang suka memiskinkan diri sendiri. Sama je perangai dengan azwanddin presiden JMM tu. Asyik kenâ€¦ https://t.co/ePNzlA1mKE
_akuanjing_,2019-11-13 09:40:55,"@giewahyudi kl gw jd menteri , gw hapus tu angkot
udah ugal2an, bkin mati banyak org, bkin macet"
ekalll__,2019-11-13 09:40:55,"RT @AchuNadia: Dulu, 

Bila dapat keputusan cemerlang untuk ujian penggal, harap mak belikan kfc je.

Tapi sebab kfc mahal, mak belikan ayaâ€¦"
times_idn,2019-11-13 09:40:55,"Universitas Brawijaya Malang menambah dua orang profesor sekaligus yakni yang ke 251 dan 252 setelah. Keduanya, Rabâ€¦ https://t.co/MUcmHU30K3"
Endblend,2019-11-13 09:40:56,RT @kamilmasaraci: TÃœSÄ°AD'dan yeni vergi dÃ¼zenlemesine itiraz https://t.co/KXT7ZJiK38 https://t.co/KXT7ZJiK38 #Cumhuriyet #cumhuriyetgzt @câ€¦
mojjgammad_,2019-11-13 09:40:56,@karlones_ Uu kakatapos lang haha hinanap ko sa fb legit nga send ko sayo taena din ni makagago nakikisawsaw nanaman
Svedjetun,2019-11-13 09:40:56,"RT @Dagens_Media: Nyligen presenterade Jonas Ohlsson, chef pÃ¥ @Nordicom_News , Ã¥rets rapport om mediernas ekonomi. â€Annonsmodellen fÃ¶r morgâ€¦"
EsaBaguzz,2019-11-13 09:40:57,"RT @panditfootball: Peraturan yang dibuat Lampard untuk tim utama Chelsea. Apabila dilanggar, para pemain harus membayar denda yang kalau dâ€¦"
syakib_sidqi,2019-11-13 09:40:57,"Sdh ada perkembangan baru nih...

https://t.co/v4nKhjOQWe"
HarizudinH,2019-11-13 09:40:57,"RT @omarqe: ""Jangan masuk la bidang IT ni, takdak masa depan. Keluaq nanti takdak kerja,"" kata Maklong kepada anaknya.

Aku kerap dengar niâ€¦"
fattyadi,2019-11-13 09:40:57,"RT @mas__piyuuu: Ustadz Adi Hidayat Bakal Terima Gelar Kehormatan dari Presiden Erdogan di Istanbul, dalam Kontribusi di Bidang Pengetahuanâ€¦"
mjm_alert,2019-11-13 09:40:57,"RT @RevolutieNL: Waarom moet deze politiek gekleurde poppenkast betaald worden met ons belastinggeld? 

Laat ze maar sponsoren zoeken!

Watâ€¦"
jazuli_iqbal,2019-11-13 09:40:58,"RT @DiniPutriReborn: 2
Kedua, lanjutkan pembangunan infrastruktur. 
LRT terlaksana di era Pakde, 782km jalan tol, 18 tol laut, 10 bandara,â€¦"
winechii,2019-11-13 09:40:58,"RT @phoerange: Salah satu bentuk pendidikan seks adalah mengenalkan bahwa payudara itu bentuknya beragam. Jadi nggak ada curhatan ""payudaraâ€¦"
DjuniharTeguh,2019-11-13 09:40:58,"RT @yunartowijaya: Mantan Menteri Pendidikan yg visioner, melampaui logika banyak orang... Luar Biasa... ğŸ‘ğŸ‘
https://t.co/hpOb1ZD6Mw"
yuzigor,2019-11-13 09:40:58,"RT @unsalunlu: Bunun bir tek anlamÄ± var:
""Biz Ã§uvallamÄ±ÅŸ olabiliriz ama siz sÃ¶yleyemezsiniz!""
En son manav, halci falan terÃ¶rist olmuÅŸtu, ÅŸâ€¦"
Ftiin_,2019-11-13 09:40:58,RT @AliaImanHMS: Sebab tu jangan tgok porn. They only perfect versions of things. I feel bad for those who trust porn. https://t.co/uPzfr6gâ€¦
AmmarYasir116,2019-11-13 09:40:58,"RT @farhanazhar34: Tbh, 2012. Masa aku dapat degree in science computer ni. Aku blur gila nanti nak jadi apa nanti. But, now. Alhamdulillahâ€¦"
Dickyprtmyasin,2019-11-13 09:40:59,"RT @phoerange: Salah satu bentuk pendidikan seks adalah mengenalkan bahwa payudara itu bentuknya beragam. Jadi nggak ada curhatan ""payudaraâ€¦"
r4chyudi,2019-11-13 09:40:59,AMIINNN... semoga istiqomah sampe ke liang lahat
itssMisslunaa,2019-11-13 09:40:59,"RT @omarqe: ""Jangan masuk la bidang IT ni, takdak masa depan. Keluaq nanti takdak kerja,"" kata Maklong kepada anaknya.

Aku kerap dengar niâ€¦"
nximir,2019-11-13 09:40:59,"RT @joehannn_: @DrHashimYusoff Kekangan ekonomi beri impak kepada golongan muda. Golongan tua patutnya memahami keadaan kami, bukannya mempâ€¦"
alvi_PR1,2019-11-13 09:40:59,"RT @_PASMANTAP: Ngisin ngisini jok jok.....!!!
Pantas Saja Jokowi Malu, Indonesia Impor Pacul 268 Ton! - https://t.co/edA4kTybTJ
#WaspadaJeâ€¦"
TEMPEGO99696974,2019-11-13 09:40:59,Jokowi Pertamina melakukan eksplorasi secara besar-besaran. Selain untuk menambal defisit. eksplorasi besar-besaranâ€¦ https://t.co/5ce3iLuqrR
EllephantzD,2019-11-13 09:40:59,RT @supraptiyono: @JKFC23456789 @hnurwahid @MardaniAliSera @aniesbaswedan @fahiraidris @SuaraAnies @karniilyas @pandji @hmskaban @ZAEffendyâ€¦
evandala20,2019-11-13 09:40:59,"RT @ustadtengkuzul: https://t.co/kU56GTejqK
Toko Toko Elektronik Sepi bagai Kuburan. Satu Bulan sudah Berlaku.
Ekonomi Lesu...?
Semoga Allaâ€¦"
Konyali74421057,2019-11-13 09:41:00,RT @sezaierdil: 200 BÄ°NÄ°N ÃœZERÄ°NDE VERGÄ° VEREN ESNAFINI Ã‡EKÄ°NÄ° Ã–DEYEMEDÄ°ÄÄ° Ä°Ã‡Ä°N HAPSE ATMAK GÄ°RÄ°ÅÄ°MÄ°NDE BULUNAN KANUNUN ASLINDA EKONOMÄ°SÄ°NÄ°â€¦
